downtime_id,equipment_id,start_time,downtime_category,downtime_reason,end_time,duration_seconds
19,MCH001,2023-01-07 13:49:09.977819,Unplanned - Breakdown,Other Breakdown,2023-12-31 17:00:00,30942650.022181
40,MCH001,2023-01-27 01:48:44.335161,Unplanned - Breakdown,Mechanical Failure,2023-12-31 17:00:00,29257875.664839
41,MCH001,2023-01-27 11:21:03.929124,Unplanned - Breakdown,Other Breakdown,2023-12-31 17:00:00,29223536.070876
52,MCH001,2023-02-04 09:37:11.406179,Unplanned - Breakdown,Hydraulic Leak,2023-12-31 17:00:00,28538568.593821
54,MCH001,2023-02-05 10:37:27.171772,Unplanned - Process,Tooling Issue,2023-12-31 17:00:00,28448552.828228
55,MCH001,2023-02-05 12:52:10.135506,Unplanned - Breakdown,Other Breakdown,2023-12-31 17:00:00,28440469.864494
92,MCH001,2023-03-01 13:45:30.628651,Changeover,Product Changeover,2023-12-31 17:00:00,26363669.371349
93,MCH001,2023-03-02 12:12:29.451216,Unplanned - Process,Tooling Issue,2023-12-31 17:00:00,26282850.548784
97,MCH001,2023-03-03 16:36:02.423481,Unplanned - Process,Material Shortage,2023-12-31 17:00:00,26180637.576519
102,MCH001,2023-03-06 08:56:30.367575,Unplanned - Process,Tooling Issue,2023-12-31 17:00:00,25949009.632425
105,MCH001,2023-03-08 04:29:52.679690,Unplanned - Process,Quality Issue,2023-12-31 17:00:00,25792207.32031
115,MCH001,2023-03-14 13:18:23.185048,Unplanned - Breakdown,Other Breakdown,2023-12-31 17:00:00,25242096.814952
116,MCH001,2023-03-14 16:53:41.456902,Unplanned - Process,Tooling Issue,2023-12-31 17:00:00,25229178.543098
117,MCH001,2023-03-15 02:45:36.016733,Unplanned - Breakdown,Electrical Fault,2023-12-31 17:00:00,25193663.983267
148,MCH001,2023-04-03 14:21:57.925658,Unplanned - Breakdown,Sensor Error,2023-12-31 17:00:00,23510282.074342
151,MCH001,2023-04-07 08:59:30.046628,Unplanned - Process,Material Shortage,2023-12-31 17:00:00,23184029.953372
176,MCH001,2023-04-21 23:46:43.709661,Unplanned - Breakdown,Other Breakdown,2023-12-31 17:00:00,21921196.290339
178,MCH001,2023-04-23 16:04:08.912390,Unplanned - Process,Operator Error,2023-12-31 17:00:00,21776151.08761
182,MCH001,2023-04-24 18:04:26.303610,Unplanned - Breakdown,Mechanical Failure,2023-12-31 17:00:00,21682533.69639
183,MCH001,2023-04-25 10:59:28.392800,Planned Maintenance,Routine Check,2023-12-31 17:00:00,21621631.6072
192,MCH001,2023-05-02 09:16:34.180353,Unplanned - Breakdown,Mechanical Failure,2023-12-31 17:00:00,21023005.819647
198,MCH001,2023-05-04 15:55:59.784886,Unplanned - Breakdown,Hydraulic Leak,2023-12-31 17:00:00,20826240.215114
201,MCH001,2023-05-05 20:56:53.797343,Changeover,Setup Adjustment,2023-12-31 17:00:00,20721786.202657
203,MCH001,2023-05-07 07:59:31.418615,Unplanned - Breakdown,Mechanical Failure,2023-12-31 17:00:00,20595628.581385
206,MCH001,2023-05-10 15:39:07.750309,Unplanned - Breakdown,Electrical Fault,2023-12-31 17:00:00,20308852.249691
228,MCH001,2023-05-24 20:50:29.078012,Unplanned - Breakdown,Mechanical Failure,2023-12-31 17:00:00,19080570.921988
234,MCH001,2023-05-28 01:24:50.071964,Changeover,Setup Adjustment,2023-12-31 17:00:00,18804909.928036
239,MCH001,2023-05-31 12:52:02.894912,Unplanned - Breakdown,Electrical Fault,2023-12-31 17:00:00,18504477.105088
269,MCH001,2023-06-18 12:56:00.150381,Unplanned - Breakdown,Other Breakdown,2023-12-31 17:00:00,16949039.849619
276,MCH001,2023-06-21 06:15:16.972134,Unplanned - Breakdown,Hydraulic Leak,2023-12-31 17:00:00,16713883.027866
283,MCH001,2023-06-24 13:52:24.880639,Planned Maintenance,Routine Check,2023-12-31 17:00:00,16427255.119361
285,MCH001,2023-06-25 21:48:56.062790,Unplanned - Process,Operator Error,2023-12-31 17:00:00,16312263.93721
299,MCH001,2023-07-04 01:40:56.664671,Unplanned - Breakdown,Mechanical Failure,2023-12-31 17:00:00,15607143.335329
316,MCH001,2023-07-18 16:13:44.106163,Planned Maintenance,Software Update,2023-12-31 17:00:00,14345175.893837
323,MCH001,2023-07-20 02:24:55.810951,Unplanned - Process,Tooling Issue,2023-12-31 17:00:00,14222104.189049
325,MCH001,2023-07-21 05:23:03.539546,Unplanned - Breakdown,Hydraulic Leak,2023-12-31 17:00:00,14125016.460454
328,MCH001,2023-07-22 04:31:44.559210,Changeover,Setup Adjustment,2023-12-31 17:00:00,14041695.44079
345,MCH001,2023-08-04 13:16:07.830421,Unplanned - Breakdown,Other Breakdown,2023-12-31 17:00:00,12887032.169579
363,MCH001,2023-08-15 16:05:31.171008,Unplanned - Process,Tooling Issue,2023-12-31 17:00:00,11926468.828992
383,MCH001,2023-08-24 17:04:13.609958,Unplanned - Process,Operator Error,2023-12-31 17:00:00,11145346.390042
384,MCH001,2023-08-25 11:41:46.725528,Unplanned - Process,Material Shortage,2023-12-31 17:00:00,11078293.274472
385,MCH001,2023-08-25 22:09:32.766410,Unplanned - Breakdown,Mechanical Failure,2023-12-31 17:00:00,11040627.23359
394,MCH001,2023-09-01 05:08:12.735570,Unplanned - Process,Tooling Issue,2023-12-31 17:00:00,10497107.26443
410,MCH001,2023-09-12 12:24:48.334715,Changeover,Setup Adjustment,2023-12-31 17:00:00,9520511.665285
424,MCH001,2023-09-21 19:03:44.429049,Unplanned - Breakdown,Mechanical Failure,2023-12-31 17:00:00,8718975.570951
432,MCH001,2023-09-25 00:49:27.571580,Unplanned - Breakdown,Other Breakdown,2023-12-31 17:00:00,8439032.42842
454,MCH001,2023-10-08 07:43:31.468756,Unplanned - Breakdown,Hydraulic Leak,2023-12-31 17:00:00,7290988.531244
460,MCH001,2023-10-10 08:41:37.542755,Unplanned - Breakdown,Mechanical Failure,2023-12-31 17:00:00,7114702.457245
468,MCH001,2023-10-16 12:49:14.759691,Unplanned - Process,Material Shortage,2023-12-31 17:00:00,6581445.240309
491,MCH001,2023-10-29 04:24:24.598296,Unplanned - Breakdown,Sensor Error,2023-12-31 17:00:00,5488535.401704
493,MCH001,2023-10-30 21:35:48.689847,Unplanned - Process,Operator Error,2023-12-31 17:00:00,5340251.310153
495,MCH001,2023-11-01 17:23:34.378311,Changeover,Setup Adjustment,2023-12-31 17:00:00,5182585.621689
505,MCH001,2023-11-05 19:02:13.463272,Unplanned - Process,Material Shortage,2023-12-31 17:00:00,4831066.536728
508,MCH001,2023-11-07 06:02:47.352448,Planned Maintenance,Software Update,2023-12-31 17:00:00,4705032.647552
516,MCH001,2023-11-11 16:21:30.371601,Unplanned - Process,Tooling Issue,2023-12-31 17:00:00,4322309.628399
531,MCH001,2023-11-22 10:57:48.750119,Unplanned - Breakdown,Sensor Error,2023-12-31 17:00:00,3391331.249881
532,MCH001,2023-11-23 02:02:17.868980,Unplanned - Breakdown,Hydraulic Leak,2023-12-31 17:00:00,3337062.13102
570,MCH001,2023-12-14 13:44:22.809501,Unplanned - Breakdown,Other Breakdown,2023-12-31 17:00:00,1480537.190499
590,MCH001,2023-12-27 20:08:21.803862,Unplanned - Breakdown,Sensor Error,2023-12-31 17:00:00,334298.196138
591,MCH001,2023-12-28 07:59:04.277042,Unplanned - Breakdown,Sensor Error,2023-12-31 17:00:00,291655.722958
9,MCH002,2023-01-04 23:26:21.036243,Unplanned - Breakdown,Sensor Error,2023-12-31 17:00:00,31167218.963757
51,MCH002,2023-02-04 02:07:22.270124,Changeover,Setup Adjustment,2023-12-31 17:00:00,28565557.729876
53,MCH002,2023-02-04 13:33:55.109058,Unplanned - Breakdown,Hydraulic Leak,2023-12-31 17:00:00,28524364.890942
64,MCH002,2023-02-11 12:07:59.420270,Planned Maintenance,Calibration,2023-12-31 17:00:00,27924720.57973
69,MCH002,2023-02-14 23:29:12.248543,Unplanned - Breakdown,Sensor Error,2023-12-31 17:00:00,27624647.751457
78,MCH002,2023-02-18 19:11:03.759302,Unplanned - Breakdown,Hydraulic Leak,2023-12-31 17:00:00,27294536.240698
96,MCH002,2023-03-03 15:11:08.732242,Unplanned - Breakdown,Mechanical Failure,2023-12-31 17:00:00,26185731.267758
118,MCH002,2023-03-15 06:55:17.465260,Unplanned - Breakdown,Mechanical Failure,2023-12-31 17:00:00,25178682.53474
122,MCH002,2023-03-18 17:09:37.890777,Unplanned - Process,Material Shortage,2023-12-31 17:00:00,24882622.109223
129,MCH002,2023-03-20 23:30:20.795383,Unplanned - Breakdown,Other Breakdown,2023-12-31 17:00:00,24686979.204617
136,MCH002,2023-03-23 07:09:52.901677,Unplanned - Breakdown,Electrical Fault,2023-12-31 17:00:00,24486607.098323
140,MCH002,2023-03-25 12:41:47.873402,Unplanned - Process,Material Shortage,2023-12-31 17:00:00,24293892.126598
145,MCH002,2023-03-31 06:07:46.218699,Unplanned - Process,Material Shortage,2023-12-31 17:00:00,23799133.781301
147,MCH002,2023-04-01 18:08:09.006215,Changeover,Product Changeover,2023-12-31 17:00:00,23669510.993785
156,MCH002,2023-04-09 15:08:48.616713,Unplanned - Breakdown,Hydraulic Leak,2023-12-31 17:00:00,22989071.383287
175,MCH002,2023-04-21 20:04:21.696839,Changeover,Setup Adjustment,2023-12-31 17:00:00,21934538.303161
227,MCH002,2023-05-24 19:37:33.610816,Unplanned - Breakdown,Hydraulic Leak,2023-12-31 17:00:00,19084946.389184
229,MCH002,2023-05-24 23:37:15.312670,Unplanned - Breakdown,Other Breakdown,2023-12-31 17:00:00,19070564.68733
232,MCH002,2023-05-27 04:32:42.129475,Unplanned - Breakdown,Mechanical Failure,2023-12-31 17:00:00,18880037.870525
235,MCH002,2023-05-28 03:04:16.482194,Unplanned - Process,Operator Error,2023-12-31 17:00:00,18798943.517806
237,MCH002,2023-05-29 10:52:50.197846,Unplanned - Process,Quality Issue,2023-12-31 17:00:00,18684429.802154
251,MCH002,2023-06-05 14:16:22.227455,Planned Maintenance,Routine Check,2023-12-31 17:00:00,18067417.772545
255,MCH002,2023-06-08 00:38:05.358490,Unplanned - Breakdown,Mechanical Failure,2023-12-31 17:00:00,17857314.64151
258,MCH002,2023-06-08 18:29:43.331035,Unplanned - Breakdown,Sensor Error,2023-12-31 17:00:00,17793016.668965
259,MCH002,2023-06-09 07:31:16.056118,Changeover,Product Changeover,2023-12-31 17:00:00,17746123.943882
268,MCH002,2023-06-16 16:49:16.136069,Unplanned - Process,Material Shortage,2023-12-31 17:00:00,17107843.863931
272,MCH002,2023-06-19 12:47:45.824525,Unplanned - Breakdown,Mechanical Failure,2023-12-31 17:00:00,16863134.175475
278,MCH002,2023-06-22 22:47:10.877404,Changeover,Setup Adjustment,2023-12-31 17:00:00,16567969.122596
287,MCH002,2023-06-28 10:05:04.250150,Unplanned - Process,Material Shortage,2023-12-31 17:00:00,16095295.74985
289,MCH002,2023-06-29 10:07:46.327442,Unplanned - Breakdown,Electrical Fault,2023-12-31 17:00:00,16008733.672558
292,MCH002,2023-07-01 14:31:01.921804,Unplanned - Process,Operator Error,2023-12-31 17:00:00,15820138.078196
294,MCH002,2023-07-02 17:40:40.239123,Unplanned - Process,Quality Issue,2023-12-31 17:00:00,15722359.760877
298,MCH002,2023-07-03 15:41:20.309594,Unplanned - Process,Tooling Issue,2023-12-31 17:00:00,15643119.690406
301,MCH002,2023-07-05 02:19:38.635890,Unplanned - Breakdown,Electrical Fault,2023-12-31 17:00:00,15518421.36411
303,MCH002,2023-07-07 08:04:00.625050,Unplanned - Process,Material Shortage,2023-12-31 17:00:00,15324959.37495
304,MCH002,2023-07-07 14:00:57.340221,Unplanned - Process,Operator Error,2023-12-31 17:00:00,15303542.659779
315,MCH002,2023-07-18 13:41:35.247213,Unplanned - Breakdown,Sensor Error,2023-12-31 17:00:00,14354304.752787
322,MCH002,2023-07-19 18:37:59.447314,Unplanned - Breakdown,Mechanical Failure,2023-12-31 17:00:00,14250120.552686
327,MCH002,2023-07-21 16:50:54.675745,Unplanned - Process,Operator Error,2023-12-31 17:00:00,14083745.324255
335,MCH002,2023-07-26 12:40:01.091800,Unplanned - Breakdown,Other Breakdown,2023-12-31 17:00:00,13666798.9082
346,MCH002,2023-08-04 23:37:26.118474,Unplanned - Breakdown,Hydraulic Leak,2023-12-31 17:00:00,12849753.881526
351,MCH002,2023-08-08 20:31:33.844120,Unplanned - Breakdown,Electrical Fault,2023-12-31 17:00:00,12515306.15588
356,MCH002,2023-08-11 04:32:44.824728,Unplanned - Breakdown,Electrical Fault,2023-12-31 17:00:00,12313635.175272
358,MCH002,2023-08-12 11:03:16.784252,Unplanned - Breakdown,Electrical Fault,2023-12-31 17:00:00,12203803.215748
371,MCH002,2023-08-20 00:03:33.837963,Unplanned - Breakdown,Other Breakdown,2023-12-31 17:00:00,11552186.162037
376,MCH002,2023-08-21 08:35:07.763913,Unplanned - Breakdown,Other Breakdown,2023-12-31 17:00:00,11435092.236087
395,MCH002,2023-09-02 12:01:19.508950,Changeover,Product Changeover,2023-12-31 17:00:00,10385920.49105
397,MCH002,2023-09-04 22:43:35.042968,Unplanned - Breakdown,Mechanical Failure,2023-12-31 17:00:00,10174584.957032
403,MCH002,2023-09-08 03:06:42.301028,Unplanned - Breakdown,Other Breakdown,2023-12-31 17:00:00,9899597.698972
417,MCH002,2023-09-19 19:12:00.660375,Changeover,Setup Adjustment,2023-12-31 17:00:00,8891279.339625
435,MCH002,2023-09-26 01:07:33.770616,Unplanned - Breakdown,Sensor Error,2023-12-31 17:00:00,8351546.229384
473,MCH002,2023-10-19 17:00:51.508199,Unplanned - Breakdown,Electrical Fault,2023-12-31 17:00:00,6307148.491801
478,MCH002,2023-10-21 16:59:30.756245,Unplanned - Breakdown,Electrical Fault,2023-12-31 17:00:00,6134429.243755
498,MCH002,2023-11-03 02:07:01.549262,Unplanned - Breakdown,Hydraulic Leak,2023-12-31 17:00:00,5064778.450738
515,MCH002,2023-11-11 11:34:31.239543,Unplanned - Breakdown,Hydraulic Leak,2023-12-31 17:00:00,4339528.760457
519,MCH002,2023-11-15 08:13:30.372447,Unplanned - Breakdown,Sensor Error,2023-12-31 17:00:00,4005989.627553
535,MCH002,2023-11-23 21:17:23.352133,Changeover,Setup Adjustment,2023-12-31 17:00:00,3267756.647867
536,MCH002,2023-11-24 19:17:53.364551,Unplanned - Breakdown,Sensor Error,2023-12-31 17:00:00,3188526.635449
560,MCH002,2023-12-09 08:48:48.783177,Unplanned - Process,Quality Issue,2023-12-31 17:00:00,1930271.216823
561,MCH002,2023-12-09 15:31:59.887428,Unplanned - Process,Quality Issue,2023-12-31 17:00:00,1906080.112572
564,MCH002,2023-12-11 05:08:11.803642,Unplanned - Breakdown,Other Breakdown,2023-12-31 17:00:00,1770708.196358
569,MCH002,2023-12-14 04:07:24.707760,Unplanned - Breakdown,Electrical Fault,2023-12-31 17:00:00,1515155.29224
571,MCH002,2023-12-16 11:07:20.459631,Unplanned - Process,Tooling Issue,2023-12-31 17:00:00,1317159.540369
574,MCH002,2023-12-17 09:16:38.567486,Changeover,Setup Adjustment,2023-12-31 17:00:00,1237401.432514
583,MCH002,2023-12-22 08:22:39.536035,Unplanned - Process,Material Shortage,2023-12-31 17:00:00,808640.463965
589,MCH002,2023-12-27 12:35:04.264634,Unplanned - Breakdown,Hydraulic Leak,2023-12-31 17:00:00,361495.735366
7,MCH003,2023-01-04 08:52:40.984693,Unplanned - Breakdown,Sensor Error,2023-12-31 17:00:00,31219639.015307
23,MCH003,2023-01-11 16:09:32.818125,Unplanned - Breakdown,Electrical Fault,2023-12-31 17:00:00,30588627.181875
39,MCH003,2023-01-26 11:40:22.741368,Unplanned - Process,Operator Error,2023-12-31 17:00:00,29308777.258632
47,MCH003,2023-02-03 01:13:15.700383,Unplanned - Breakdown,Hydraulic Leak,2023-12-31 17:00:00,28655204.299617
59,MCH003,2023-02-08 21:08:03.853749,Unplanned - Breakdown,Sensor Error,2023-12-31 17:00:00,28151516.146251
63,MCH003,2023-02-10 20:48:07.497594,Unplanned - Process,Quality Issue,2023-12-31 17:00:00,27979912.502406
65,MCH003,2023-02-12 07:38:11.441558,Unplanned - Breakdown,Hydraulic Leak,2023-12-31 17:00:00,27854508.558442
75,MCH003,2023-02-17 12:50:15.832071,Unplanned - Process,Tooling Issue,2023-12-31 17:00:00,27403784.167929
100,MCH003,2023-03-05 04:47:28.592204,Unplanned - Breakdown,Electrical Fault,2023-12-31 17:00:00,26050351.407796
101,MCH003,2023-03-05 11:03:42.212718,Unplanned - Breakdown,Other Breakdown,2023-12-31 17:00:00,26027777.787282
104,MCH003,2023-03-08 00:51:11.958670,Planned Maintenance,Software Update,2023-12-31 17:00:00,25805328.04133
109,MCH003,2023-03-09 08:25:46.752499,Unplanned - Breakdown,Sensor Error,2023-12-31 17:00:00,25691653.247501
110,MCH003,2023-03-10 22:23:03.758892,Changeover,Product Changeover,2023-12-31 17:00:00,25555016.241108
149,MCH003,2023-04-03 17:29:16.456455,Unplanned - Process,Tooling Issue,2023-12-31 17:00:00,23499043.543545
152,MCH003,2023-04-07 17:00:20.649704,Unplanned - Breakdown,Hydraulic Leak,2023-12-31 17:00:00,23155179.350296
157,MCH003,2023-04-09 23:10:55.396019,Unplanned - Process,Tooling Issue,2023-12-31 17:00:00,22960144.603981
171,MCH003,2023-04-19 03:02:06.989780,Unplanned - Breakdown,Electrical Fault,2023-12-31 17:00:00,22168673.01022
174,MCH003,2023-04-21 07:21:49.006916,Planned Maintenance,Software Update,2023-12-31 17:00:00,21980290.993084
208,MCH003,2023-05-14 00:06:36.741839,Unplanned - Breakdown,Other Breakdown,2023-12-31 17:00:00,20019203.258161
214,MCH003,2023-05-17 02:25:33.818799,Unplanned - Process,Operator Error,2023-12-31 17:00:00,19751666.181201
219,MCH003,2023-05-19 10:49:20.739339,Planned Maintenance,Software Update,2023-12-31 17:00:00,19548639.260661
224,MCH003,2023-05-23 15:49:33.191808,Unplanned - Breakdown,Mechanical Failure,2023-12-31 17:00:00,19185026.808192
225,MCH003,2023-05-23 19:41:25.227850,Unplanned - Breakdown,Hydraulic Leak,2023-12-31 17:00:00,19171114.77215
238,MCH003,2023-05-31 07:20:28.029145,Unplanned - Process,Operator Error,2023-12-31 17:00:00,18524371.970855
256,MCH003,2023-06-08 13:10:55.417374,Unplanned - Breakdown,Sensor Error,2023-12-31 17:00:00,17812144.582626
264,MCH003,2023-06-13 02:56:09.311009,Unplanned - Process,Operator Error,2023-12-31 17:00:00,17417030.688991
274,MCH003,2023-06-20 16:28:31.344754,Unplanned - Breakdown,Electrical Fault,2023-12-31 17:00:00,16763488.655246
281,MCH003,2023-06-23 20:12:58.012909,Unplanned - Process,Tooling Issue,2023-12-31 17:00:00,16490821.987091
295,MCH003,2023-07-02 19:17:03.855200,Unplanned - Breakdown,Hydraulic Leak,2023-12-31 17:00:00,15716576.1448
296,MCH003,2023-07-03 13:36:44.994281,Unplanned - Process,Material Shortage,2023-12-31 17:00:00,15650595.005719
309,MCH003,2023-07-10 19:50:37.538281,Unplanned - Breakdown,Hydraulic Leak,2023-12-31 17:00:00,15023362.461719
332,MCH003,2023-07-23 10:51:03.004176,Unplanned - Breakdown,Mechanical Failure,2023-12-31 17:00:00,13932536.995824
343,MCH003,2023-08-03 12:11:36.355875,Unplanned - Process,Tooling Issue,2023-12-31 17:00:00,12977303.644125
362,MCH003,2023-08-14 16:24:55.824914,Unplanned - Breakdown,Sensor Error,2023-12-31 17:00:00,12011704.175086
369,MCH003,2023-08-19 05:49:29.300176,Unplanned - Breakdown,Mechanical Failure,2023-12-31 17:00:00,11617830.699824
377,MCH003,2023-08-21 13:56:41.473607,Unplanned - Breakdown,Other Breakdown,2023-12-31 17:00:00,11415798.526393
379,MCH003,2023-08-23 00:37:27.413572,Changeover,Product Changeover,2023-12-31 17:00:00,11290952.586428
380,MCH003,2023-08-23 01:31:18.767783,Unplanned - Breakdown,Mechanical Failure,2023-12-31 17:00:00,11287721.232217
389,MCH003,2023-08-29 00:55:00.647985,Unplanned - Process,Quality Issue,2023-12-31 17:00:00,10771499.352015
398,MCH003,2023-09-05 08:32:07.388478,Unplanned - Breakdown,Mechanical Failure,2023-12-31 17:00:00,10139272.611522
408,MCH003,2023-09-10 18:05:45.293124,Unplanned - Breakdown,Sensor Error,2023-12-31 17:00:00,9672854.706876
412,MCH003,2023-09-13 16:40:14.993145,Unplanned - Breakdown,Mechanical Failure,2023-12-31 17:00:00,9418785.006855
450,MCH003,2023-10-07 02:41:39.557291,Unplanned - Breakdown,Mechanical Failure,2023-12-31 17:00:00,7395500.442709
481,MCH003,2023-10-24 16:14:10.959854,Unplanned - Breakdown,Sensor Error,2023-12-31 17:00:00,5877949.040146
494,MCH003,2023-11-01 02:09:41.652648,Unplanned - Process,Tooling Issue,2023-12-31 17:00:00,5237418.347352
521,MCH003,2023-11-16 21:24:05.786447,Unplanned - Breakdown,Sensor Error,2023-12-31 17:00:00,3872154.213553
540,MCH003,2023-11-27 09:29:04.553729,Changeover,Product Changeover,2023-12-31 17:00:00,2964655.446271
563,MCH003,2023-12-10 00:12:56.330861,Unplanned - Breakdown,Sensor Error,2023-12-31 17:00:00,1874823.669139
15,MCH004,2023-01-06 04:42:56.006094,Unplanned - Breakdown,Mechanical Failure,2023-12-31 17:00:00,31061823.993906
16,MCH004,2023-01-06 09:47:39.119713,Unplanned - Breakdown,Other Breakdown,2023-12-31 17:00:00,31043540.880287
21,MCH004,2023-01-09 21:46:26.886287,Unplanned - Breakdown,Hydraulic Leak,2023-12-31 17:00:00,30741213.113713
25,MCH004,2023-01-13 11:18:05.197786,Unplanned - Breakdown,Other Breakdown,2023-12-31 17:00:00,30433314.802214
42,MCH004,2023-01-27 12:47:29.110483,Unplanned - Process,Quality Issue,2023-12-31 17:00:00,29218350.889517
56,MCH004,2023-02-07 22:12:03.636640,Unplanned - Process,Quality Issue,2023-12-31 17:00:00,28234076.36336
58,MCH004,2023-02-08 09:06:37.214698,Planned Maintenance,Routine Check,2023-12-31 17:00:00,28194802.785302
60,MCH004,2023-02-09 06:18:08.505052,Unplanned - Breakdown,Electrical Fault,2023-12-31 17:00:00,28118511.494948
84,MCH004,2023-02-20 19:44:12.398337,Unplanned - Breakdown,Mechanical Failure,2023-12-31 17:00:00,27119747.601663
88,MCH004,2023-02-25 21:32:18.174796,Unplanned - Breakdown,Hydraulic Leak,2023-12-31 17:00:00,26681261.825204
108,MCH004,2023-03-09 04:19:15.935006,Unplanned - Breakdown,Other Breakdown,2023-12-31 17:00:00,25706444.064994
113,MCH004,2023-03-11 17:47:34.721363,Changeover,Setup Adjustment,2023-12-31 17:00:00,25485145.278637
132,MCH004,2023-03-21 09:50:23.403704,Unplanned - Process,Material Shortage,2023-12-31 17:00:00,24649776.596296
138,MCH004,2023-03-24 15:32:21.586970,Unplanned - Process,Operator Error,2023-12-31 17:00:00,24370058.41303
144,MCH004,2023-03-29 19:42:23.309272,Unplanned - Process,Quality Issue,2023-12-31 17:00:00,23923056.690728
150,MCH004,2023-04-06 20:55:24.899895,Changeover,Product Changeover,2023-12-31 17:00:00,23227475.100105
162,MCH004,2023-04-14 03:23:23.548558,Unplanned - Breakdown,Hydraulic Leak,2023-12-31 17:00:00,22599396.451442
170,MCH004,2023-04-18 23:11:13.938946,Unplanned - Breakdown,Sensor Error,2023-12-31 17:00:00,22182526.061054
181,MCH004,2023-04-24 08:48:27.164743,Unplanned - Breakdown,Other Breakdown,2023-12-31 17:00:00,21715892.835257
189,MCH004,2023-05-01 07:13:29.166183,Changeover,Setup Adjustment,2023-12-31 17:00:00,21116790.833817
190,MCH004,2023-05-02 04:09:53.654923,Unplanned - Breakdown,Hydraulic Leak,2023-12-31 17:00:00,21041406.345077
196,MCH004,2023-05-04 09:49:53.605247,Unplanned - Process,Tooling Issue,2023-12-31 17:00:00,20848206.394753
199,MCH004,2023-05-05 00:38:11.111876,Unplanned - Breakdown,Hydraulic Leak,2023-12-31 17:00:00,20794908.888124
205,MCH004,2023-05-09 22:29:31.541362,Unplanned - Breakdown,Hydraulic Leak,2023-12-31 17:00:00,20370628.458638
207,MCH004,2023-05-12 02:57:26.868818,Unplanned - Breakdown,Hydraulic Leak,2023-12-31 17:00:00,20181753.131182
209,MCH004,2023-05-15 11:42:57.171970,Unplanned - Breakdown,Hydraulic Leak,2023-12-31 17:00:00,19891022.82803
210,MCH004,2023-05-15 15:43:50.288615,Changeover,Product Changeover,2023-12-31 17:00:00,19876569.711385
216,MCH004,2023-05-17 12:05:19.074483,Unplanned - Process,Quality Issue,2023-12-31 17:00:00,19716880.925517
217,MCH004,2023-05-17 16:25:23.699577,Unplanned - Process,Quality Issue,2023-12-31 17:00:00,19701276.300423
222,MCH004,2023-05-22 13:40:55.985636,Unplanned - Breakdown,Electrical Fault,2023-12-31 17:00:00,19279144.014364
240,MCH004,2023-06-01 04:36:10.218226,Unplanned - Breakdown,Sensor Error,2023-12-31 17:00:00,18447829.781774
250,MCH004,2023-06-05 01:50:46.375871,Unplanned - Breakdown,Electrical Fault,2023-12-31 17:00:00,18112153.624129
270,MCH004,2023-06-18 14:32:01.507507,Unplanned - Breakdown,Mechanical Failure,2023-12-31 17:00:00,16943278.492493
279,MCH004,2023-06-23 09:57:10.155391,Planned Maintenance,Routine Check,2023-12-31 17:00:00,16527769.844609
290,MCH004,2023-06-29 11:13:47.903544,Unplanned - Breakdown,Sensor Error,2023-12-31 17:00:00,16004772.096456
297,MCH004,2023-07-03 13:38:37.489492,Changeover,Product Changeover,2023-12-31 17:00:00,15650482.510508
306,MCH004,2023-07-08 08:19:55.443568,Unplanned - Process,Material Shortage,2023-12-31 17:00:00,15237604.556432
311,MCH004,2023-07-13 12:54:14.830146,Unplanned - Breakdown,Sensor Error,2023-12-31 17:00:00,14789145.169854
331,MCH004,2023-07-23 07:33:45.447609,Unplanned - Breakdown,Hydraulic Leak,2023-12-31 17:00:00,13944374.552391
334,MCH004,2023-07-26 00:23:36.549027,Unplanned - Breakdown,Other Breakdown,2023-12-31 17:00:00,13710983.450973
349,MCH004,2023-08-08 13:59:24.002262,Unplanned - Breakdown,Hydraulic Leak,2023-12-31 17:00:00,12538835.997738
354,MCH004,2023-08-10 15:49:38.156683,Unplanned - Breakdown,Other Breakdown,2023-12-31 17:00:00,12359421.843317
357,MCH004,2023-08-11 08:32:59.403133,Unplanned - Breakdown,Hydraulic Leak,2023-12-31 17:00:00,12299220.596867
365,MCH004,2023-08-16 04:53:42.093537,Changeover,Setup Adjustment,2023-12-31 17:00:00,11880377.906463
373,MCH004,2023-08-20 07:35:39.159263,Unplanned - Breakdown,Other Breakdown,2023-12-31 17:00:00,11525060.840737
420,MCH004,2023-09-20 18:35:10.733199,Changeover,Setup Adjustment,2023-12-31 17:00:00,8807089.266801
421,MCH004,2023-09-20 22:55:08.221141,Unplanned - Process,Operator Error,2023-12-31 17:00:00,8791491.778859
443,MCH004,2023-09-30 17:21:31.674651,Unplanned - Breakdown,Sensor Error,2023-12-31 17:00:00,7947508.325349
464,MCH004,2023-10-13 20:45:20.908408,Unplanned - Process,Tooling Issue,2023-12-31 17:00:00,6812079.091592
465,MCH004,2023-10-14 12:49:18.705792,Unplanned - Breakdown,Sensor Error,2023-12-31 17:00:00,6754241.294208
477,MCH004,2023-10-20 15:09:37.824349,Unplanned - Process,Tooling Issue,2023-12-31 17:00:00,6227422.175651
480,MCH004,2023-10-23 09:22:53.564436,Planned Maintenance,Routine Check,2023-12-31 17:00:00,5989026.435564
504,MCH004,2023-11-05 00:38:19.491178,Changeover,Product Changeover,2023-12-31 17:00:00,4897300.508822
514,MCH004,2023-11-11 07:53:59.847390,Unplanned - Process,Quality Issue,2023-12-31 17:00:00,4352760.15261
526,MCH004,2023-11-20 21:55:07.434661,Changeover,Setup Adjustment,2023-12-31 17:00:00,3524692.565339
559,MCH004,2023-12-09 02:01:43.188848,Changeover,Setup Adjustment,2023-12-31 17:00:00,1954696.811152
578,MCH004,2023-12-19 00:49:44.852142,Changeover,Product Changeover,2023-12-31 17:00:00,1095015.147858
580,MCH004,2023-12-19 11:28:45.957534,Unplanned - Breakdown,Sensor Error,2023-12-31 17:00:00,1056674.042466
593,MCH004,2023-12-30 21:59:36.493563,Unplanned - Breakdown,Electrical Fault,2023-12-31 17:00:00,68423.506437
594,MCH004,2023-12-31 06:06:41.843107,Unplanned - Breakdown,Sensor Error,2023-12-31 17:00:00,39198.156893
6,MCH005,2023-01-04 01:44:50.029593,Unplanned - Process,Quality Issue,2023-12-31 17:00:00,31245309.970407
8,MCH005,2023-01-04 09:29:37.111073,Unplanned - Breakdown,Hydraulic Leak,2023-12-31 17:00:00,31217422.888927
14,MCH005,2023-01-06 03:38:57.205062,Changeover,Setup Adjustment,2023-12-31 17:00:00,31065662.794938
26,MCH005,2023-01-14 10:45:11.484338,Changeover,Setup Adjustment,2023-12-31 17:00:00,30348888.515662
30,MCH005,2023-01-23 03:20:04.879870,Unplanned - Breakdown,Electrical Fault,2023-12-31 17:00:00,29597995.12013
34,MCH005,2023-01-24 02:12:23.325841,Unplanned - Breakdown,Mechanical Failure,2023-12-31 17:00:00,29515656.674159
36,MCH005,2023-01-25 10:52:33.891980,Unplanned - Breakdown,Electrical Fault,2023-12-31 17:00:00,29398046.10802
48,MCH005,2023-02-03 02:08:06.327532,Planned Maintenance,Software Update,2023-12-31 17:00:00,28651913.672468
57,MCH005,2023-02-07 22:59:19.926865,Changeover,Setup Adjustment,2023-12-31 17:00:00,28231240.073135
66,MCH005,2023-02-13 02:12:11.902881,Unplanned - Breakdown,Sensor Error,2023-12-31 17:00:00,27787668.097119
94,MCH005,2023-03-02 12:24:22.384971,Unplanned - Process,Quality Issue,2023-12-31 17:00:00,26282137.615029
99,MCH005,2023-03-05 04:01:17.945108,Changeover,Product Changeover,2023-12-31 17:00:00,26053122.054892
126,MCH005,2023-03-19 19:34:11.072418,Unplanned - Breakdown,Electrical Fault,2023-12-31 17:00:00,24787548.927582
141,MCH005,2023-03-26 07:15:13.394984,Unplanned - Breakdown,Other Breakdown,2023-12-31 17:00:00,24227086.605016
146,MCH005,2023-03-31 23:12:31.618531,Changeover,Product Changeover,2023-12-31 17:00:00,23737648.381469
155,MCH005,2023-04-09 10:24:06.612203,Changeover,Setup Adjustment,2023-12-31 17:00:00,23006153.387797
164,MCH005,2023-04-14 10:39:10.946948,Unplanned - Process,Tooling Issue,2023-12-31 17:00:00,22573249.053052
169,MCH005,2023-04-18 00:51:20.806223,Unplanned - Breakdown,Sensor Error,2023-12-31 17:00:00,22262919.193777
180,MCH005,2023-04-24 06:41:54.191535,Unplanned - Process,Operator Error,2023-12-31 17:00:00,21723485.808465
185,MCH005,2023-04-26 06:56:29.632802,Unplanned - Breakdown,Other Breakdown,2023-12-31 17:00:00,21549810.367198
242,MCH005,2023-06-01 18:37:55.303794,Unplanned - Process,Operator Error,2023-12-31 17:00:00,18397324.696206
245,MCH005,2023-06-02 19:12:35.473231,Unplanned - Breakdown,Hydraulic Leak,2023-12-31 17:00:00,18308844.526769
252,MCH005,2023-06-07 19:22:41.784723,Changeover,Setup Adjustment,2023-12-31 17:00:00,17876238.215277
277,MCH005,2023-06-21 09:56:26.097200,Unplanned - Breakdown,Sensor Error,2023-12-31 17:00:00,16700613.9028
284,MCH005,2023-06-25 07:31:11.188182,Unplanned - Breakdown,Electrical Fault,2023-12-31 17:00:00,16363728.811818
318,MCH005,2023-07-18 20:24:32.068031,Changeover,Setup Adjustment,2023-12-31 17:00:00,14330127.931969
324,MCH005,2023-07-20 21:27:28.113308,Unplanned - Breakdown,Sensor Error,2023-12-31 17:00:00,14153551.886692
336,MCH005,2023-07-26 23:47:10.990527,Unplanned - Process,Material Shortage,2023-12-31 17:00:00,13626769.009473
344,MCH005,2023-08-04 09:16:06.511662,Unplanned - Breakdown,Other Breakdown,2023-12-31 17:00:00,12901433.488338
353,MCH005,2023-08-09 14:19:28.018624,Unplanned - Breakdown,Hydraulic Leak,2023-12-31 17:00:00,12451231.981376
399,MCH005,2023-09-05 17:26:41.899690,Unplanned - Process,Material Shortage,2023-12-31 17:00:00,10107198.10031
413,MCH005,2023-09-14 12:00:56.363628,Unplanned - Breakdown,Hydraulic Leak,2023-12-31 17:00:00,9349143.636372
415,MCH005,2023-09-18 15:00:36.790805,Changeover,Setup Adjustment,2023-12-31 17:00:00,8992763.209195
430,MCH005,2023-09-23 23:12:47.606866,Unplanned - Breakdown,Other Breakdown,2023-12-31 17:00:00,8531232.393134
446,MCH005,2023-10-03 14:41:03.385126,Unplanned - Breakdown,Electrical Fault,2023-12-31 17:00:00,7697936.614874
449,MCH005,2023-10-05 16:02:17.379818,Unplanned - Process,Material Shortage,2023-12-31 17:00:00,7520262.620182
453,MCH005,2023-10-07 23:06:54.327042,Unplanned - Process,Quality Issue,2023-12-31 17:00:00,7321985.672958
455,MCH005,2023-10-08 14:10:41.361660,Unplanned - Breakdown,Mechanical Failure,2023-12-31 17:00:00,7267758.63834
456,MCH005,2023-10-08 18:48:42.365757,Unplanned - Process,Tooling Issue,2023-12-31 17:00:00,7251077.634243
462,MCH005,2023-10-12 14:25:19.672908,Unplanned - Process,Quality Issue,2023-12-31 17:00:00,6921280.327092
469,MCH005,2023-10-17 00:18:48.004956,Unplanned - Process,Material Shortage,2023-12-31 17:00:00,6540071.995044
502,MCH005,2023-11-04 02:22:56.933949,Changeover,Setup Adjustment,2023-12-31 17:00:00,4977423.066051
506,MCH005,2023-11-05 19:05:50.525895,Unplanned - Process,Operator Error,2023-12-31 17:00:00,4830849.474105
523,MCH005,2023-11-18 08:10:31.526314,Unplanned - Breakdown,Hydraulic Leak,2023-12-31 17:00:00,3746968.473686
525,MCH005,2023-11-19 08:26:53.208429,Unplanned - Breakdown,Sensor Error,2023-12-31 17:00:00,3659586.791571
547,MCH005,2023-12-02 13:44:07.575118,Unplanned - Breakdown,Mechanical Failure,2023-12-31 17:00:00,2517352.424882
553,MCH005,2023-12-05 11:04:21.661513,Unplanned - Process,Quality Issue,2023-12-31 17:00:00,2267738.338487
554,MCH005,2023-12-05 21:23:58.408883,Unplanned - Breakdown,Mechanical Failure,2023-12-31 17:00:00,2230561.591117
555,MCH005,2023-12-06 02:29:00.296702,Unplanned - Breakdown,Mechanical Failure,2023-12-31 17:00:00,2212259.703298
557,MCH005,2023-12-07 00:16:39.642428,Unplanned - Breakdown,Sensor Error,2023-12-31 17:00:00,2133800.357572
572,MCH005,2023-12-16 17:28:44.913182,Unplanned - Breakdown,Mechanical Failure,2023-12-31 17:00:00,1294275.086818
581,MCH005,2023-12-20 20:32:37.837041,Changeover,Setup Adjustment,2023-12-31 17:00:00,937642.162959
582,MCH005,2023-12-21 07:33:06.559169,Unplanned - Process,Material Shortage,2023-12-31 17:00:00,898013.440831
585,MCH005,2023-12-23 21:46:07.737069,Unplanned - Breakdown,Other Breakdown,2023-12-31 17:00:00,674032.262931
2,MCH006,2023-01-01 23:34:23.087438,Changeover,Product Changeover,2023-12-31 17:00:00,31425936.912562
20,MCH006,2023-01-09 03:15:22.286447,Unplanned - Process,Operator Error,2023-12-31 17:00:00,30807877.713553
22,MCH006,2023-01-09 23:53:34.787563,Changeover,Product Changeover,2023-12-31 17:00:00,30733585.212437
38,MCH006,2023-01-25 23:18:27.653200,Unplanned - Breakdown,Mechanical Failure,2023-12-31 17:00:00,29353292.3468
43,MCH006,2023-01-27 19:46:36.430089,Unplanned - Breakdown,Electrical Fault,2023-12-31 17:00:00,29193203.569911
49,MCH006,2023-02-03 02:11:28.859912,Unplanned - Breakdown,Mechanical Failure,2023-12-31 17:00:00,28651711.140088
73,MCH006,2023-02-15 15:35:42.258519,Unplanned - Breakdown,Other Breakdown,2023-12-31 17:00:00,27566657.741481
74,MCH006,2023-02-16 15:18:50.627585,Unplanned - Breakdown,Sensor Error,2023-12-31 17:00:00,27481269.372415
77,MCH006,2023-02-18 15:46:16.785809,Planned Maintenance,Routine Check,2023-12-31 17:00:00,27306823.214191
79,MCH006,2023-02-19 05:13:58.697529,Unplanned - Breakdown,Hydraulic Leak,2023-12-31 17:00:00,27258361.302471
80,MCH006,2023-02-19 21:36:03.676026,Unplanned - Process,Tooling Issue,2023-12-31 17:00:00,27199436.323974
81,MCH006,2023-02-20 01:43:13.431906,Planned Maintenance,Software Update,2023-12-31 17:00:00,27184606.568094
83,MCH006,2023-02-20 17:07:19.099440,Changeover,Product Changeover,2023-12-31 17:00:00,27129160.90056
90,MCH006,2023-02-27 00:12:26.823824,Changeover,Setup Adjustment,2023-12-31 17:00:00,26585253.176176
91,MCH006,2023-02-28 13:41:11.995779,Unplanned - Breakdown,Other Breakdown,2023-12-31 17:00:00,26450328.004221
95,MCH006,2023-03-03 04:58:39.139381,Unplanned - Breakdown,Mechanical Failure,2023-12-31 17:00:00,26222480.860619
98,MCH006,2023-03-04 10:27:18.433666,Unplanned - Process,Material Shortage,2023-12-31 17:00:00,26116361.566334
120,MCH006,2023-03-17 08:21:55.002068,Unplanned - Breakdown,Other Breakdown,2023-12-31 17:00:00,25000684.997932
121,MCH006,2023-03-18 11:05:14.398589,Unplanned - Breakdown,Other Breakdown,2023-12-31 17:00:00,24904485.601411
124,MCH006,2023-03-19 02:48:47.877724,Unplanned - Process,Quality Issue,2023-12-31 17:00:00,24847872.122276
131,MCH006,2023-03-21 09:28:41.438832,Changeover,Product Changeover,2023-12-31 17:00:00,24651078.561168
135,MCH006,2023-03-22 20:49:15.841296,Unplanned - Breakdown,Mechanical Failure,2023-12-31 17:00:00,24523844.158704
161,MCH006,2023-04-13 20:28:16.838905,Unplanned - Breakdown,Mechanical Failure,2023-12-31 17:00:00,22624303.161095
177,MCH006,2023-04-23 08:06:09.461366,Unplanned - Process,Operator Error,2023-12-31 17:00:00,21804830.538634
187,MCH006,2023-04-29 22:19:37.698778,Unplanned - Breakdown,Hydraulic Leak,2023-12-31 17:00:00,21235222.301222
188,MCH006,2023-05-01 01:59:41.959101,Unplanned - Breakdown,Other Breakdown,2023-12-31 17:00:00,21135618.040899
197,MCH006,2023-05-04 14:11:04.832036,Unplanned - Breakdown,Sensor Error,2023-12-31 17:00:00,20832535.167964
211,MCH006,2023-05-15 22:00:35.786084,Unplanned - Breakdown,Sensor Error,2023-12-31 17:00:00,19853964.213916
260,MCH006,2023-06-09 07:50:09.043823,Unplanned - Breakdown,Hydraulic Leak,2023-12-31 17:00:00,17744990.956177
261,MCH006,2023-06-11 06:34:14.018597,Unplanned - Breakdown,Sensor Error,2023-12-31 17:00:00,17576745.981403
275,MCH006,2023-06-20 21:16:37.963980,Changeover,Setup Adjustment,2023-12-31 17:00:00,16746202.03602
280,MCH006,2023-06-23 17:19:30.704474,Unplanned - Breakdown,Electrical Fault,2023-12-31 17:00:00,16501229.295526
286,MCH006,2023-06-26 05:32:54.039027,Changeover,Product Changeover,2023-12-31 17:00:00,16284425.960973
288,MCH006,2023-06-29 00:49:21.766829,Unplanned - Breakdown,Sensor Error,2023-12-31 17:00:00,16042238.233171
300,MCH006,2023-07-05 01:43:37.833151,Unplanned - Breakdown,Hydraulic Leak,2023-12-31 17:00:00,15520582.166849
326,MCH006,2023-07-21 14:23:29.397082,Unplanned - Breakdown,Mechanical Failure,2023-12-31 17:00:00,14092590.602918
333,MCH006,2023-07-25 07:24:09.794272,Planned Maintenance,Routine Check,2023-12-31 17:00:00,13772150.205728
350,MCH006,2023-08-08 14:11:04.095994,Unplanned - Breakdown,Other Breakdown,2023-12-31 17:00:00,12538135.904006
368,MCH006,2023-08-18 03:26:21.266119,Changeover,Product Changeover,2023-12-31 17:00:00,11712818.733881
387,MCH006,2023-08-26 20:46:22.934730,Planned Maintenance,Software Update,2023-12-31 17:00:00,10959217.06527
393,MCH006,2023-09-01 02:10:47.472891,Unplanned - Breakdown,Other Breakdown,2023-12-31 17:00:00,10507752.527109
409,MCH006,2023-09-11 15:31:12.262895,Unplanned - Breakdown,Sensor Error,2023-12-31 17:00:00,9595727.737105
414,MCH006,2023-09-18 14:03:04.422302,Unplanned - Breakdown,Hydraulic Leak,2023-12-31 17:00:00,8996215.577698
426,MCH006,2023-09-22 02:59:29.477781,Unplanned - Process,Operator Error,2023-12-31 17:00:00,8690430.522219
427,MCH006,2023-09-22 22:31:33.252816,Unplanned - Breakdown,Hydraulic Leak,2023-12-31 17:00:00,8620106.747184
428,MCH006,2023-09-23 16:11:11.460290,Unplanned - Breakdown,Other Breakdown,2023-12-31 17:00:00,8556528.53971
436,MCH006,2023-09-26 05:59:32.781201,Unplanned - Breakdown,Mechanical Failure,2023-12-31 17:00:00,8334027.218799
444,MCH006,2023-10-01 04:40:38.770707,Unplanned - Breakdown,Hydraulic Leak,2023-12-31 17:00:00,7906761.229293
447,MCH006,2023-10-03 15:12:58.263434,Unplanned - Breakdown,Other Breakdown,2023-12-31 17:00:00,7696021.736566
451,MCH006,2023-10-07 03:53:52.433514,Unplanned - Breakdown,Mechanical Failure,2023-12-31 17:00:00,7391167.566486
452,MCH006,2023-10-07 22:13:32.576305,Unplanned - Process,Quality Issue,2023-12-31 17:00:00,7325187.423695
463,MCH006,2023-10-12 20:02:40.757320,Unplanned - Process,Tooling Issue,2023-12-31 17:00:00,6901039.24268
467,MCH006,2023-10-16 10:07:30.019611,Unplanned - Breakdown,Sensor Error,2023-12-31 17:00:00,6591149.980389
485,MCH006,2023-10-26 00:39:32.051044,Changeover,Product Changeover,2023-12-31 17:00:00,5761227.948956
507,MCH006,2023-11-06 12:43:24.872501,Changeover,Setup Adjustment,2023-12-31 17:00:00,4767395.127499
509,MCH006,2023-11-07 22:41:08.612057,Unplanned - Process,Tooling Issue,2023-12-31 17:00:00,4645131.387943
512,MCH006,2023-11-08 22:33:32.371213,Changeover,Product Changeover,2023-12-31 17:00:00,4559187.628787
513,MCH006,2023-11-11 01:07:05.455812,Unplanned - Breakdown,Mechanical Failure,2023-12-31 17:00:00,4377174.544188
517,MCH006,2023-11-12 04:26:30.483366,Changeover,Setup Adjustment,2023-12-31 17:00:00,4278809.516634
527,MCH006,2023-11-20 23:03:21.979489,Changeover,Setup Adjustment,2023-12-31 17:00:00,3520598.020511
530,MCH006,2023-11-22 09:11:40.205128,Unplanned - Breakdown,Mechanical Failure,2023-12-31 17:00:00,3397699.794872
534,MCH006,2023-11-23 20:53:47.210179,Unplanned - Breakdown,Other Breakdown,2023-12-31 17:00:00,3269172.789821
545,MCH006,2023-11-30 09:54:05.778170,Unplanned - Breakdown,Sensor Error,2023-12-31 17:00:00,2703954.22183
551,MCH006,2023-12-05 08:53:56.758512,Unplanned - Breakdown,Electrical Fault,2023-12-31 17:00:00,2275563.241488
566,MCH006,2023-12-12 19:58:05.133135,Planned Maintenance,Calibration,2023-12-31 17:00:00,1630914.866865
587,MCH006,2023-12-26 20:51:22.299348,Planned Maintenance,Calibration,2023-12-31 17:00:00,418117.700652
3,MCH007,2023-01-02 21:32:03.535669,Unplanned - Process,Quality Issue,2023-12-31 17:00:00,31346876.464331
4,MCH007,2023-01-03 00:34:25.803682,Unplanned - Breakdown,Hydraulic Leak,2023-12-31 17:00:00,31335934.196318
5,MCH007,2023-01-03 23:57:29.240311,Unplanned - Breakdown,Other Breakdown,2023-12-31 17:00:00,31251750.759689
10,MCH007,2023-01-05 04:51:37.694424,Unplanned - Breakdown,Hydraulic Leak,2023-12-31 17:00:00,31147702.305576
12,MCH007,2023-01-05 16:56:34.059715,Unplanned - Process,Material Shortage,2023-12-31 17:00:00,31104205.940285
27,MCH007,2023-01-21 21:47:25.256439,Unplanned - Breakdown,Sensor Error,2023-12-31 17:00:00,29704354.743561
33,MCH007,2023-01-24 01:21:40.947092,Unplanned - Breakdown,Electrical Fault,2023-12-31 17:00:00,29518699.052908
44,MCH007,2023-01-28 08:22:19.245071,Unplanned - Breakdown,Sensor Error,2023-12-31 17:00:00,29147860.754929
61,MCH007,2023-02-09 11:26:32.147346,Unplanned - Breakdown,Sensor Error,2023-12-31 17:00:00,28100007.852654
71,MCH007,2023-02-15 05:28:12.991123,Unplanned - Breakdown,Sensor Error,2023-12-31 17:00:00,27603107.008877
82,MCH007,2023-02-20 09:39:20.922050,Unplanned - Process,Tooling Issue,2023-12-31 17:00:00,27156039.07795
89,MCH007,2023-02-26 21:53:11.561845,Changeover,Setup Adjustment,2023-12-31 17:00:00,26593608.438155
114,MCH007,2023-03-14 07:45:09.827248,Changeover,Product Changeover,2023-12-31 17:00:00,25262090.172752
130,MCH007,2023-03-21 06:27:16.507868,Unplanned - Process,Quality Issue,2023-12-31 17:00:00,24661963.492132
133,MCH007,2023-03-21 10:01:37.722628,Unplanned - Breakdown,Electrical Fault,2023-12-31 17:00:00,24649102.277372
137,MCH007,2023-03-24 08:03:24.112672,Unplanned - Process,Material Shortage,2023-12-31 17:00:00,24396995.887328
154,MCH007,2023-04-08 19:56:53.591256,Changeover,Setup Adjustment,2023-12-31 17:00:00,23058186.408744
160,MCH007,2023-04-11 19:07:24.237326,Unplanned - Breakdown,Electrical Fault,2023-12-31 17:00:00,22801955.762674
168,MCH007,2023-04-16 19:52:31.115033,Unplanned - Process,Tooling Issue,2023-12-31 17:00:00,22367248.884967
179,MCH007,2023-04-24 02:09:35.180830,Changeover,Setup Adjustment,2023-12-31 17:00:00,21739824.81917
191,MCH007,2023-05-02 04:37:18.509043,Unplanned - Breakdown,Sensor Error,2023-12-31 17:00:00,21039761.490957
194,MCH007,2023-05-03 06:34:32.274151,Planned Maintenance,Routine Check,2023-12-31 17:00:00,20946327.725849
202,MCH007,2023-05-06 16:44:01.646721,Unplanned - Breakdown,Electrical Fault,2023-12-31 17:00:00,20650558.353279
204,MCH007,2023-05-09 19:41:06.098267,Unplanned - Process,Material Shortage,2023-12-31 17:00:00,20380733.901733
212,MCH007,2023-05-16 01:00:31.491766,Unplanned - Breakdown,Electrical Fault,2023-12-31 17:00:00,19843168.508234
213,MCH007,2023-05-16 23:12:47.279506,Unplanned - Breakdown,Hydraulic Leak,2023-12-31 17:00:00,19763232.720494
221,MCH007,2023-05-22 08:59:10.386767,Unplanned - Breakdown,Mechanical Failure,2023-12-31 17:00:00,19296049.613233
231,MCH007,2023-05-25 21:38:02.160109,Unplanned - Breakdown,Other Breakdown,2023-12-31 17:00:00,18991317.839891
233,MCH007,2023-05-27 06:51:22.425809,Unplanned - Breakdown,Other Breakdown,2023-12-31 17:00:00,18871717.574191
247,MCH007,2023-06-04 09:32:36.537968,Unplanned - Breakdown,Electrical Fault,2023-12-31 17:00:00,18170843.462032
253,MCH007,2023-06-07 21:27:02.637278,Unplanned - Breakdown,Mechanical Failure,2023-12-31 17:00:00,17868777.362722
262,MCH007,2023-06-11 08:13:36.475017,Planned Maintenance,Calibration,2023-12-31 17:00:00,17570783.524983
312,MCH007,2023-07-13 13:52:34.772776,Unplanned - Breakdown,Sensor Error,2023-12-31 17:00:00,14785645.227224
314,MCH007,2023-07-16 23:38:29.794799,Unplanned - Breakdown,Sensor Error,2023-12-31 17:00:00,14491290.205201
319,MCH007,2023-07-19 00:12:39.355900,Unplanned - Process,Operator Error,2023-12-31 17:00:00,14316440.6441
321,MCH007,2023-07-19 16:32:01.572625,Unplanned - Breakdown,Electrical Fault,2023-12-31 17:00:00,14257678.427375
329,MCH007,2023-07-22 15:16:27.435662,Unplanned - Breakdown,Electrical Fault,2023-12-31 17:00:00,14003012.564338
341,MCH007,2023-08-01 23:08:06.738653,Unplanned - Breakdown,Other Breakdown,2023-12-31 17:00:00,13110713.261347
360,MCH007,2023-08-13 04:01:22.175830,Changeover,Product Changeover,2023-12-31 17:00:00,12142717.82417
378,MCH007,2023-08-21 22:16:56.494586,Unplanned - Process,Material Shortage,2023-12-31 17:00:00,11385783.505414
386,MCH007,2023-08-25 23:44:02.267715,Unplanned - Breakdown,Sensor Error,2023-12-31 17:00:00,11034957.732285
388,MCH007,2023-08-27 15:24:43.750298,Unplanned - Process,Quality Issue,2023-12-31 17:00:00,10892116.249702
391,MCH007,2023-08-31 03:31:52.231781,Unplanned - Breakdown,Mechanical Failure,2023-12-31 17:00:00,10589287.768219
401,MCH007,2023-09-06 05:40:33.180314,Unplanned - Breakdown,Hydraulic Leak,2023-12-31 17:00:00,10063166.819686
402,MCH007,2023-09-07 13:52:38.420183,Planned Maintenance,Software Update,2023-12-31 17:00:00,9947241.579817
411,MCH007,2023-09-13 08:47:19.492316,Unplanned - Breakdown,Other Breakdown,2023-12-31 17:00:00,9447160.507684
425,MCH007,2023-09-21 21:07:40.470054,Changeover,Setup Adjustment,2023-12-31 17:00:00,8711539.529946
448,MCH007,2023-10-05 14:12:26.381206,Unplanned - Breakdown,Other Breakdown,2023-12-31 17:00:00,7526853.618794
459,MCH007,2023-10-09 19:22:18.464214,Unplanned - Breakdown,Hydraulic Leak,2023-12-31 17:00:00,7162661.535786
461,MCH007,2023-10-11 07:43:26.430098,Unplanned - Process,Quality Issue,2023-12-31 17:00:00,7031793.569902
474,MCH007,2023-10-19 17:07:50.335290,Unplanned - Process,Quality Issue,2023-12-31 17:00:00,6306729.66471
476,MCH007,2023-10-20 15:01:09.691824,Unplanned - Breakdown,Other Breakdown,2023-12-31 17:00:00,6227930.308176
487,MCH007,2023-10-27 06:09:15.117511,Unplanned - Breakdown,Other Breakdown,2023-12-31 17:00:00,5655044.882489
489,MCH007,2023-10-28 03:58:47.217318,Changeover,Product Changeover,2023-12-31 17:00:00,5576472.782682
492,MCH007,2023-10-30 16:47:25.217212,Unplanned - Process,Operator Error,2023-12-31 17:00:00,5357554.782788
497,MCH007,2023-11-02 09:22:45.338735,Unplanned - Breakdown,Electrical Fault,2023-12-31 17:00:00,5125034.661265
499,MCH007,2023-11-03 09:00:08.879387,Unplanned - Process,Quality Issue,2023-12-31 17:00:00,5039991.120613
500,MCH007,2023-11-03 22:11:35.534387,Unplanned - Breakdown,Mechanical Failure,2023-12-31 17:00:00,4992504.465613
503,MCH007,2023-11-04 10:33:16.964953,Unplanned - Breakdown,Hydraulic Leak,2023-12-31 17:00:00,4948003.035047
529,MCH007,2023-11-22 04:27:26.430755,Unplanned - Process,Operator Error,2023-12-31 17:00:00,3414753.569245
538,MCH007,2023-11-26 02:37:00.779514,Unplanned - Process,Operator Error,2023-12-31 17:00:00,3075779.220486
541,MCH007,2023-11-28 21:02:16.264981,Unplanned - Breakdown,Other Breakdown,2023-12-31 17:00:00,2836663.735019
543,MCH007,2023-11-29 18:40:48.674506,Unplanned - Breakdown,Electrical Fault,2023-12-31 17:00:00,2758751.325494
546,MCH007,2023-12-01 15:18:51.966800,Unplanned - Breakdown,Sensor Error,2023-12-31 17:00:00,2598068.0332
548,MCH007,2023-12-02 21:29:19.043065,Planned Maintenance,Calibration,2023-12-31 17:00:00,2489440.956935
576,MCH007,2023-12-18 08:41:15.013031,Unplanned - Process,Quality Issue,2023-12-31 17:00:00,1153124.986969
584,MCH007,2023-12-23 11:24:40.629826,Planned Maintenance,Routine Check,2023-12-31 17:00:00,711319.370174
586,MCH007,2023-12-26 01:45:00.146061,Unplanned - Breakdown,Sensor Error,2023-12-31 17:00:00,486899.853939
588,MCH007,2023-12-26 20:53:13.150288,Unplanned - Breakdown,Hydraulic Leak,2023-12-31 17:00:00,418006.849712
592,MCH007,2023-12-28 19:15:01.571144,Unplanned - Breakdown,Mechanical Failure,2023-12-31 17:00:00,251098.428856
13,MCH008,2023-01-05 19:12:26.324870,Changeover,Product Changeover,2023-12-31 17:00:00,31096053.67513
17,MCH008,2023-01-06 21:05:44.425608,Unplanned - Breakdown,Mechanical Failure,2023-12-31 17:00:00,31002855.574392
28,MCH008,2023-01-22 11:09:43.806037,Unplanned - Process,Operator Error,2023-12-31 17:00:00,29656216.193963
29,MCH008,2023-01-22 23:13:02.629597,Changeover,Product Changeover,2023-12-31 17:00:00,29612817.370403
35,MCH008,2023-01-24 22:15:01.891430,Unplanned - Process,Material Shortage,2023-12-31 17:00:00,29443498.10857
45,MCH008,2023-02-01 09:55:50.481682,Unplanned - Breakdown,Sensor Error,2023-12-31 17:00:00,28796649.518318
50,MCH008,2023-02-04 01:36:04.996203,Unplanned - Breakdown,Sensor Error,2023-12-31 17:00:00,28567435.003797
67,MCH008,2023-02-13 19:22:42.138039,Changeover,Setup Adjustment,2023-12-31 17:00:00,27725837.861961
68,MCH008,2023-02-14 07:19:26.296272,Unplanned - Process,Operator Error,2023-12-31 17:00:00,27682833.703728
70,MCH008,2023-02-15 04:16:46.976310,Unplanned - Breakdown,Electrical Fault,2023-12-31 17:00:00,27607393.02369
85,MCH008,2023-02-23 17:28:22.751580,Unplanned - Breakdown,Electrical Fault,2023-12-31 17:00:00,26868697.24842
87,MCH008,2023-02-24 14:38:57.408249,Changeover,Setup Adjustment,2023-12-31 17:00:00,26792462.591751
103,MCH008,2023-03-06 20:32:38.444305,Unplanned - Breakdown,Hydraulic Leak,2023-12-31 17:00:00,25907241.555695
106,MCH008,2023-03-08 08:03:51.895934,Unplanned - Breakdown,Electrical Fault,2023-12-31 17:00:00,25779368.104066
119,MCH008,2023-03-15 19:50:05.087615,Unplanned - Process,Tooling Issue,2023-12-31 17:00:00,25132194.912385
125,MCH008,2023-03-19 10:37:28.958726,Unplanned - Breakdown,Other Breakdown,2023-12-31 17:00:00,24819751.041274
128,MCH008,2023-03-20 18:49:09.519853,Unplanned - Breakdown,Sensor Error,2023-12-31 17:00:00,24703850.480147
193,MCH008,2023-05-02 11:44:11.788441,Unplanned - Breakdown,Electrical Fault,2023-12-31 17:00:00,21014148.211559
218,MCH008,2023-05-18 11:46:00.476687,Unplanned - Breakdown,Mechanical Failure,2023-12-31 17:00:00,19631639.523313
230,MCH008,2023-05-25 07:46:34.306881,Unplanned - Breakdown,Other Breakdown,2023-12-31 17:00:00,19041205.693119
243,MCH008,2023-06-02 01:37:26.431953,Unplanned - Breakdown,Other Breakdown,2023-12-31 17:00:00,18372153.568047
244,MCH008,2023-06-02 15:45:18.275457,Unplanned - Breakdown,Other Breakdown,2023-12-31 17:00:00,18321281.724543
248,MCH008,2023-06-04 18:59:04.076743,Changeover,Product Changeover,2023-12-31 17:00:00,18136855.923257
266,MCH008,2023-06-16 04:49:05.505374,Unplanned - Breakdown,Other Breakdown,2023-12-31 17:00:00,17151054.494626
282,MCH008,2023-06-24 01:52:45.632787,Changeover,Setup Adjustment,2023-12-31 17:00:00,16470434.367213
293,MCH008,2023-07-02 09:36:38.991094,Unplanned - Process,Operator Error,2023-12-31 17:00:00,15751401.008906
305,MCH008,2023-07-07 15:59:49.494888,Unplanned - Process,Material Shortage,2023-12-31 17:00:00,15296410.505112
307,MCH008,2023-07-08 18:18:10.662216,Unplanned - Breakdown,Sensor Error,2023-12-31 17:00:00,15201709.337784
310,MCH008,2023-07-13 06:45:27.120457,Unplanned - Breakdown,Electrical Fault,2023-12-31 17:00:00,14811272.879543
342,MCH008,2023-08-03 00:13:15.703104,Changeover,Setup Adjustment,2023-12-31 17:00:00,13020404.296896
364,MCH008,2023-08-15 18:01:59.180418,Unplanned - Breakdown,Mechanical Failure,2023-12-31 17:00:00,11919480.819582
372,MCH008,2023-08-20 00:10:06.843786,Unplanned - Process,Quality Issue,2023-12-31 17:00:00,11551793.156214
390,MCH008,2023-08-30 05:39:07.430159,Changeover,Setup Adjustment,2023-12-31 17:00:00,10668052.569841
392,MCH008,2023-08-31 13:37:27.605505,Unplanned - Process,Tooling Issue,2023-12-31 17:00:00,10552952.394495
396,MCH008,2023-09-04 19:42:06.353130,Unplanned - Process,Quality Issue,2023-12-31 17:00:00,10185473.64687
400,MCH008,2023-09-05 22:55:25.769791,Unplanned - Breakdown,Mechanical Failure,2023-12-31 17:00:00,10087474.230209
404,MCH008,2023-09-08 08:02:09.681350,Unplanned - Breakdown,Mechanical Failure,2023-12-31 17:00:00,9881870.31865
418,MCH008,2023-09-19 21:43:32.521539,Unplanned - Breakdown,Mechanical Failure,2023-12-31 17:00:00,8882187.478461
429,MCH008,2023-09-23 17:03:14.704806,Unplanned - Breakdown,Hydraulic Leak,2023-12-31 17:00:00,8553405.295194
434,MCH008,2023-09-25 17:20:35.086068,Unplanned - Breakdown,Mechanical Failure,2023-12-31 17:00:00,8379564.913932
438,MCH008,2023-09-26 10:23:19.797899,Unplanned - Breakdown,Sensor Error,2023-12-31 17:00:00,8318200.202101
439,MCH008,2023-09-27 15:19:52.822912,Unplanned - Breakdown,Mechanical Failure,2023-12-31 17:00:00,8214007.177088
441,MCH008,2023-09-29 06:41:17.714228,Unplanned - Breakdown,Electrical Fault,2023-12-31 17:00:00,8072322.285772
457,MCH008,2023-10-09 01:35:32.255552,Unplanned - Breakdown,Electrical Fault,2023-12-31 17:00:00,7226667.744448
471,MCH008,2023-10-18 03:26:21.511693,Unplanned - Breakdown,Sensor Error,2023-12-31 17:00:00,6442418.488307
472,MCH008,2023-10-18 18:06:28.717855,Unplanned - Breakdown,Other Breakdown,2023-12-31 17:00:00,6389611.282145
475,MCH008,2023-10-20 13:05:26.308399,Unplanned - Process,Material Shortage,2023-12-31 17:00:00,6234873.691601
490,MCH008,2023-10-29 00:52:32.110000,Unplanned - Breakdown,Electrical Fault,2023-12-31 17:00:00,5501247.89
510,MCH008,2023-11-08 05:13:14.209032,Unplanned - Process,Tooling Issue,2023-12-31 17:00:00,4621605.790968
518,MCH008,2023-11-13 19:01:08.945449,Unplanned - Process,Tooling Issue,2023-12-31 17:00:00,4139931.054551
539,MCH008,2023-11-26 10:48:14.310188,Changeover,Setup Adjustment,2023-12-31 17:00:00,3046305.689812
552,MCH008,2023-12-05 10:14:08.173608,Unplanned - Breakdown,Other Breakdown,2023-12-31 17:00:00,2270751.826392
556,MCH008,2023-12-06 18:52:24.820554,Unplanned - Process,Operator Error,2023-12-31 17:00:00,2153255.179446
565,MCH008,2023-12-11 06:28:42.100279,Unplanned - Breakdown,Hydraulic Leak,2023-12-31 17:00:00,1765877.899721
567,MCH008,2023-12-13 12:08:36.843799,Changeover,Setup Adjustment,2023-12-31 17:00:00,1572683.156201
575,MCH008,2023-12-17 09:54:14.914476,Unplanned - Process,Material Shortage,2023-12-31 17:00:00,1235145.085524
1,MCH009,2023-01-01 17:50:40.546539,Unplanned - Breakdown,Electrical Fault,2023-12-31 17:00:00,31446559.453461
18,MCH009,2023-01-07 06:57:55.902894,Unplanned - Process,Tooling Issue,2023-12-31 17:00:00,30967324.097106
24,MCH009,2023-01-12 16:18:54.727148,Unplanned - Breakdown,Electrical Fault,2023-12-31 17:00:00,30501665.272852
32,MCH009,2023-01-23 20:47:59.590933,Changeover,Setup Adjustment,2023-12-31 17:00:00,29535120.409067
62,MCH009,2023-02-09 13:53:51.916316,Unplanned - Breakdown,Sensor Error,2023-12-31 17:00:00,28091168.083684
72,MCH009,2023-02-15 10:32:13.811697,Unplanned - Breakdown,Other Breakdown,2023-12-31 17:00:00,27584866.188303
76,MCH009,2023-02-18 07:14:15.861823,Unplanned - Process,Quality Issue,2023-12-31 17:00:00,27337544.138177
112,MCH009,2023-03-11 15:12:15.456451,Unplanned - Breakdown,Hydraulic Leak,2023-12-31 17:00:00,25494464.543549
123,MCH009,2023-03-18 19:35:52.960105,Changeover,Product Changeover,2023-12-31 17:00:00,24873847.039895
127,MCH009,2023-03-20 16:59:20.091629,Unplanned - Breakdown,Other Breakdown,2023-12-31 17:00:00,24710439.908371
139,MCH009,2023-03-24 20:07:15.456758,Unplanned - Breakdown,Sensor Error,2023-12-31 17:00:00,24353564.543242
142,MCH009,2023-03-26 08:53:39.529382,Unplanned - Breakdown,Hydraulic Leak,2023-12-31 17:00:00,24221180.470618
143,MCH009,2023-03-27 12:03:22.775150,Unplanned - Breakdown,Mechanical Failure,2023-12-31 17:00:00,24123397.22485
153,MCH009,2023-04-07 23:25:00.259499,Unplanned - Process,Tooling Issue,2023-12-31 17:00:00,23132099.740501
159,MCH009,2023-04-11 18:33:23.867169,Unplanned - Breakdown,Other Breakdown,2023-12-31 17:00:00,22803996.132831
163,MCH009,2023-04-14 07:56:31.936879,Unplanned - Breakdown,Hydraulic Leak,2023-12-31 17:00:00,22583008.063121
165,MCH009,2023-04-16 09:41:09.649722,Unplanned - Breakdown,Sensor Error,2023-12-31 17:00:00,22403930.350278
166,MCH009,2023-04-16 13:01:45.488178,Unplanned - Breakdown,Hydraulic Leak,2023-12-31 17:00:00,22391894.511822
172,MCH009,2023-04-19 18:28:28.779248,Unplanned - Breakdown,Mechanical Failure,2023-12-31 17:00:00,22113091.220752
195,MCH009,2023-05-03 11:35:39.290287,Unplanned - Breakdown,Other Breakdown,2023-12-31 17:00:00,20928260.709713
223,MCH009,2023-05-23 07:09:49.622106,Changeover,Product Changeover,2023-12-31 17:00:00,19216210.377894
226,MCH009,2023-05-24 07:26:56.680148,Changeover,Setup Adjustment,2023-12-31 17:00:00,19128783.319852
236,MCH009,2023-05-28 04:41:27.777673,Unplanned - Process,Quality Issue,2023-12-31 17:00:00,18793112.222327
241,MCH009,2023-06-01 10:57:38.253023,Planned Maintenance,Calibration,2023-12-31 17:00:00,18424941.746977
249,MCH009,2023-06-04 23:54:20.922880,Unplanned - Breakdown,Hydraulic Leak,2023-12-31 17:00:00,18119139.07712
254,MCH009,2023-06-07 23:53:39.326741,Unplanned - Breakdown,Hydraulic Leak,2023-12-31 17:00:00,17859980.673259
257,MCH009,2023-06-08 14:42:54.955214,Unplanned - Breakdown,Mechanical Failure,2023-12-31 17:00:00,17806625.044786
263,MCH009,2023-06-12 11:28:29.673608,Changeover,Setup Adjustment,2023-12-31 17:00:00,17472690.326392
265,MCH009,2023-06-14 05:20:38.437384,Unplanned - Breakdown,Other Breakdown,2023-12-31 17:00:00,17321961.562616
271,MCH009,2023-06-19 04:40:21.604553,Changeover,Product Changeover,2023-12-31 17:00:00,16892378.395447
313,MCH009,2023-07-14 08:07:51.603738,Unplanned - Process,Quality Issue,2023-12-31 17:00:00,14719928.396262
317,MCH009,2023-07-18 19:51:16.264751,Unplanned - Breakdown,Mechanical Failure,2023-12-31 17:00:00,14332123.735249
348,MCH009,2023-08-07 09:18:06.228071,Changeover,Product Changeover,2023-12-31 17:00:00,12642113.771929
370,MCH009,2023-08-19 22:56:59.971266,Changeover,Setup Adjustment,2023-12-31 17:00:00,11556180.028734
374,MCH009,2023-08-20 14:59:17.152485,Unplanned - Breakdown,Electrical Fault,2023-12-31 17:00:00,11498442.847515
375,MCH009,2023-08-21 02:32:43.417621,Planned Maintenance,Routine Check,2023-12-31 17:00:00,11456836.582379
381,MCH009,2023-08-23 18:42:44.685677,Unplanned - Process,Quality Issue,2023-12-31 17:00:00,11225835.314323
382,MCH009,2023-08-23 22:40:44.430581,Unplanned - Breakdown,Mechanical Failure,2023-12-31 17:00:00,11211555.569419
406,MCH009,2023-09-09 16:25:48.678750,Unplanned - Breakdown,Sensor Error,2023-12-31 17:00:00,9765251.32125
419,MCH009,2023-09-20 12:04:23.678574,Unplanned - Process,Tooling Issue,2023-12-31 17:00:00,8830536.321426
423,MCH009,2023-09-21 12:15:52.466512,Changeover,Setup Adjustment,2023-12-31 17:00:00,8743447.533488
431,MCH009,2023-09-24 07:22:09.762922,Unplanned - Breakdown,Sensor Error,2023-12-31 17:00:00,8501870.237078
433,MCH009,2023-09-25 00:55:45.870649,Changeover,Product Changeover,2023-12-31 17:00:00,8438654.129351
437,MCH009,2023-09-26 09:26:03.723507,Unplanned - Breakdown,Other Breakdown,2023-12-31 17:00:00,8321636.276493
440,MCH009,2023-09-27 18:43:37.897059,Unplanned - Breakdown,Sensor Error,2023-12-31 17:00:00,8201782.102941
458,MCH009,2023-10-09 14:24:19.186962,Unplanned - Process,Material Shortage,2023-12-31 17:00:00,7180540.813038
466,MCH009,2023-10-14 15:37:29.670631,Unplanned - Breakdown,Electrical Fault,2023-12-31 17:00:00,6744150.329369
470,MCH009,2023-10-17 19:26:35.331747,Changeover,Setup Adjustment,2023-12-31 17:00:00,6471204.668253
479,MCH009,2023-10-22 14:57:15.467188,Unplanned - Breakdown,Electrical Fault,2023-12-31 17:00:00,6055364.532812
482,MCH009,2023-10-25 05:43:43.753417,Unplanned - Breakdown,Hydraulic Leak,2023-12-31 17:00:00,5829376.246583
483,MCH009,2023-10-25 14:09:58.049329,Unplanned - Breakdown,Sensor Error,2023-12-31 17:00:00,5799001.950671
484,MCH009,2023-10-25 20:27:31.550261,Unplanned - Breakdown,Other Breakdown,2023-12-31 17:00:00,5776348.449739
486,MCH009,2023-10-26 06:47:44.451651,Unplanned - Process,Quality Issue,2023-12-31 17:00:00,5739135.548349
488,MCH009,2023-10-28 03:28:26.503880,Unplanned - Breakdown,Mechanical Failure,2023-12-31 17:00:00,5578293.49612
496,MCH009,2023-11-01 23:38:17.393327,Changeover,Setup Adjustment,2023-12-31 17:00:00,5160102.606673
501,MCH009,2023-11-03 23:07:38.525389,Unplanned - Breakdown,Electrical Fault,2023-12-31 17:00:00,4989141.474611
511,MCH009,2023-11-08 20:41:07.018898,Changeover,Setup Adjustment,2023-12-31 17:00:00,4565932.981102
524,MCH009,2023-11-19 04:26:20.766238,Unplanned - Breakdown,Other Breakdown,2023-12-31 17:00:00,3674019.233762
528,MCH009,2023-11-21 03:40:35.562865,Unplanned - Breakdown,Other Breakdown,2023-12-31 17:00:00,3503964.437135
533,MCH009,2023-11-23 13:22:25.518286,Unplanned - Breakdown,Sensor Error,2023-12-31 17:00:00,3296254.481714
542,MCH009,2023-11-29 08:28:52.291507,Changeover,Product Changeover,2023-12-31 17:00:00,2795467.708493
550,MCH009,2023-12-05 06:58:12.915047,Unplanned - Process,Operator Error,2023-12-31 17:00:00,2282507.084953
558,MCH009,2023-12-07 04:49:07.105662,Unplanned - Breakdown,Electrical Fault,2023-12-31 17:00:00,2117452.894338
562,MCH009,2023-12-09 22:58:49.204386,Unplanned - Breakdown,Mechanical Failure,2023-12-31 17:00:00,1879270.795614
573,MCH009,2023-12-17 02:14:01.089071,Unplanned - Breakdown,Sensor Error,2023-12-31 17:00:00,1262758.910929
577,MCH009,2023-12-18 21:06:01.007263,Unplanned - Breakdown,Electrical Fault,2023-12-31 17:00:00,1108438.992737
11,MCH010,2023-01-05 07:47:56.329400,Planned Maintenance,Software Update,2023-12-31 17:00:00,31137123.6706
31,MCH010,2023-01-23 18:41:32.215283,Unplanned - Breakdown,Hydraulic Leak,2023-12-31 17:00:00,29542707.784717
37,MCH010,2023-01-25 14:05:14.161738,Unplanned - Breakdown,Other Breakdown,2023-12-31 17:00:00,29386485.838262
46,MCH010,2023-02-02 02:45:04.199995,Unplanned - Breakdown,Sensor Error,2023-12-31 17:00:00,28736095.800005
86,MCH010,2023-02-23 23:13:31.344683,Unplanned - Breakdown,Hydraulic Leak,2023-12-31 17:00:00,26847988.655317
107,MCH010,2023-03-09 00:18:08.744998,Unplanned - Breakdown,Mechanical Failure,2023-12-31 17:00:00,25720911.255002
111,MCH010,2023-03-10 22:59:44.797429,Planned Maintenance,Calibration,2023-12-31 17:00:00,25552815.202571
134,MCH010,2023-03-22 03:37:42.884453,Changeover,Setup Adjustment,2023-12-31 17:00:00,24585737.115547
158,MCH010,2023-04-10 19:29:10.421250,Unplanned - Breakdown,Sensor Error,2023-12-31 17:00:00,22887049.57875
167,MCH010,2023-04-16 13:07:31.434699,Unplanned - Breakdown,Other Breakdown,2023-12-31 17:00:00,22391548.565301
173,MCH010,2023-04-21 05:42:01.172755,Changeover,Setup Adjustment,2023-12-31 17:00:00,21986278.827245
184,MCH010,2023-04-25 11:55:35.865089,Unplanned - Breakdown,Other Breakdown,2023-12-31 17:00:00,21618264.134911
186,MCH010,2023-04-29 06:30:33.693459,Unplanned - Breakdown,Other Breakdown,2023-12-31 17:00:00,21292166.306541
200,MCH010,2023-05-05 16:17:44.126856,Unplanned - Breakdown,Electrical Fault,2023-12-31 17:00:00,20738535.873144
215,MCH010,2023-05-17 06:36:48.583070,Changeover,Product Changeover,2023-12-31 17:00:00,19736591.41693
220,MCH010,2023-05-20 20:26:30.335674,Unplanned - Breakdown,Mechanical Failure,2023-12-31 17:00:00,19427609.664326
246,MCH010,2023-06-03 23:46:49.267727,Unplanned - Breakdown,Hydraulic Leak,2023-12-31 17:00:00,18205990.732273
267,MCH010,2023-06-16 12:18:25.954608,Unplanned - Process,Quality Issue,2023-12-31 17:00:00,17124094.045392
273,MCH010,2023-06-19 14:11:20.970614,Unplanned - Breakdown,Hydraulic Leak,2023-12-31 17:00:00,16858119.029386
291,MCH010,2023-06-30 18:31:38.788686,Unplanned - Breakdown,Hydraulic Leak,2023-12-31 17:00:00,15892101.211314
302,MCH010,2023-07-05 19:54:05.526997,Unplanned - Breakdown,Sensor Error,2023-12-31 17:00:00,15455154.473003
308,MCH010,2023-07-09 11:44:26.872120,Unplanned - Breakdown,Other Breakdown,2023-12-31 17:00:00,15138933.12788
320,MCH010,2023-07-19 11:56:21.998521,Unplanned - Breakdown,Mechanical Failure,2023-12-31 17:00:00,14274218.001479
330,MCH010,2023-07-22 18:27:39.410336,Unplanned - Breakdown,Hydraulic Leak,2023-12-31 17:00:00,13991540.589664
337,MCH010,2023-07-27 00:08:47.274627,Unplanned - Breakdown,Electrical Fault,2023-12-31 17:00:00,13625472.725373
338,MCH010,2023-07-27 13:05:54.782633,Unplanned - Breakdown,Hydraulic Leak,2023-12-31 17:00:00,13578845.217367
339,MCH010,2023-07-28 22:59:41.782524,Unplanned - Breakdown,Sensor Error,2023-12-31 17:00:00,13456818.217476
340,MCH010,2023-08-01 15:45:34.343629,Unplanned - Process,Operator Error,2023-12-31 17:00:00,13137265.656371
347,MCH010,2023-08-06 02:18:55.469844,Unplanned - Breakdown,Hydraulic Leak,2023-12-31 17:00:00,12753664.530156
352,MCH010,2023-08-09 07:31:47.036386,Unplanned - Breakdown,Hydraulic Leak,2023-12-31 17:00:00,12475692.963614
355,MCH010,2023-08-11 02:58:15.432469,Unplanned - Breakdown,Sensor Error,2023-12-31 17:00:00,12319304.567531
359,MCH010,2023-08-13 02:06:11.742441,Unplanned - Process,Material Shortage,2023-12-31 17:00:00,12149628.257559
361,MCH010,2023-08-14 06:23:51.474305,Changeover,Product Changeover,2023-12-31 17:00:00,12047768.525695
366,MCH010,2023-08-16 21:09:21.708169,Unplanned - Breakdown,Electrical Fault,2023-12-31 17:00:00,11821838.291831
367,MCH010,2023-08-17 04:33:32.838789,Unplanned - Breakdown,Mechanical Failure,2023-12-31 17:00:00,11795187.161211
405,MCH010,2023-09-09 02:10:42.662057,Unplanned - Breakdown,Mechanical Failure,2023-12-31 17:00:00,9816557.337943
407,MCH010,2023-09-09 17:12:28.215279,Unplanned - Breakdown,Electrical Fault,2023-12-31 17:00:00,9762451.784721
416,MCH010,2023-09-19 05:00:48.263326,Unplanned - Breakdown,Electrical Fault,2023-12-31 17:00:00,8942351.736674
422,MCH010,2023-09-21 11:05:34.975185,Unplanned - Process,Tooling Issue,2023-12-31 17:00:00,8747665.024815
442,MCH010,2023-09-29 07:28:18.828733,Changeover,Setup Adjustment,2023-12-31 17:00:00,8069501.171267
445,MCH010,2023-10-02 11:41:03.472991,Unplanned - Process,Quality Issue,2023-12-31 17:00:00,7795136.527009
520,MCH010,2023-11-15 16:46:07.037408,Unplanned - Process,Material Shortage,2023-12-31 17:00:00,3975232.962592
522,MCH010,2023-11-18 03:48:28.596953,Changeover,Setup Adjustment,2023-12-31 17:00:00,3762691.403047
537,MCH010,2023-11-25 17:24:55.682036,Planned Maintenance,Routine Check,2023-12-31 17:00:00,3108904.317964
544,MCH010,2023-11-29 20:02:33.346910,Unplanned - Process,Quality Issue,2023-12-31 17:00:00,2753846.65309
549,MCH010,2023-12-05 04:19:30.295063,Unplanned - Breakdown,Hydraulic Leak,2023-12-31 17:00:00,2292029.704937
568,MCH010,2023-12-13 21:27:09.701953,Unplanned - Process,Tooling Issue,2023-12-31 17:00:00,1539170.298047
579,MCH010,2023-12-19 02:32:45.063715,Unplanned - Process,Material Shortage,2023-12-31 17:00:00,1088834.936285
